"Tiempo (s) Serie Nº 2";"Fuerza 1 (N) Serie Nº 2";"Vector velocidad (m/s) Serie Nº 2"
0,000;-0,10;
0,005;-0,21;
0,010;-0,34;0,586
0,015;-0,06;0,559
0,020;-0,08;0,531
0,025;-0,31;0,489
0,030;-0,16;0,433
0,035;0,13;0,377
0,040;-0,08;0,349
0,045;-0,17;0,321
0,050;0,13;0,279
0,055;0,25;0,223
0,060;0,09;0,182
0,065;0,27;0,154
0,070;0,56;0,126
0,075;0,45;0,084
0,080;0,39;0,042
0,085;0,70;-3,469E-16
0,090;0,82;-0,042
0,095;0,62;-0,084
0,100;0,79;-0,126
0,105;1,03;-0,154
0,110;0,97;-0,182
0,115;1,00;-0,209
0,120;1,29;-0,251
0,125;1,36;-0,293
0,130;1,29;-0,321
0,135;1,47;-0,349
0,140;1,74;-0,377
0,145;1,68;-0,405
0,150;1,72;-0,433
0,155;2,01;-0,461
0,160;2,12;-0,489
0,165;2,04;-0,517
0,170;2,29;-0,545
0,175;2,49;-0,572
0,180;2,45;-0,586
0,185;2,51;-0,600
0,190;2,76;-0,614
0,195;2,83;-0,628
0,200;2,77;-0,656
0,205;2,93;-0,684
0,210;3,03;-0,712
0,215;2,97;-0,726
0,220;3,03;-0,740
0,225;3,10;-0,754
0,230;2,98;-0,768
0,235;2,89;-0,796
0,240;3,04;-0,824
0,245;3,04;-0,838
0,250;2,82;-0,838
0,255;2,88;-0,838
0,260;3,08;-0,838
0,265;2,97;-0,852
0,270;2,90;-0,866
0,275;3,10;-0,880
0,280;3,15;-0,894
0,285;3,05;-0,922
0,290;3,15;-0,949
0,295;3,32;-0,963
0,300;3,25;-0,977
0,305;3,27;-0,977
0,310;3,49;-0,977
0,315;3,52;-0,977
0,320;3,50;-0,991
0,325;3,66;-1,005
0,330;3,84;-1,005
0,335;3,90;-1,005
0,340;4,00;-1,005
0,345;4,22;-1,005
0,350;4,34;-1,005
0,355;4,41;-1,019
0,360;4,61;-1,033
0,365;4,74;-1,033
0,370;4,68;-1,033
0,375;4,77;-1,033
0,380;4,85;-1,047
0,385;4,79;-1,061
0,390;4,60;-1,061
0,395;4,57;-1,061
0,400;4,46;-1,061
0,405;4,32;-1,061
0,410;4,18;-1,061
0,415;4,11;-1,047
0,420;4,00;-1,047
0,425;3,90;-1,061
0,430;3,86;-1,075
0,435;3,79;-1,089
0,440;3,63;-1,089
0,445;3,62;-1,089
0,450;3,70;-1,089
0,455;3,65;-1,089
0,460;3,60;-1,089
0,465;3,76;-1,089
0,470;3,80;-1,089
0,475;3,77;-1,089
0,480;3,93;-1,103
0,485;4,08;-1,117
0,490;4,10;-1,117
0,495;4,16;-1,117
0,500;4,34;-1,117
0,505;4,32;-1,131
0,510;4,27;-1,131
0,515;4,43;-1,131
0,520;4,50;-1,145
0,525;4,45;-1,159
0,530;4,47;-1,173
0,535;4,61;-1,159
0,540;4,62;-1,131
0,545;4,57;-1,117
0,550;4,70;-1,117
0,555;4,77;-1,131
0,560;4,70;-1,131
0,565;4,68;-1,131
0,570;4,73;-1,145
0,575;4,59;-1,145
0,580;4,41;-1,145
0,585;4,52;-1,145
0,590;4,47;-1,145
0,595;4,31;-1,145
0,600;4,34;-1,131
0,605;4,44;-1,131
0,610;4,25;-1,131
0,615;4,21;-1,117
0,620;4,43;-1,117
0,625;4,43;-1,117
0,630;4,38;-1,117
0,635;4,62;-1,103
0,640;4,79;-1,103
0,645;4,65;-1,117
0,650;4,81;-1,117
0,655;5,02;-1,117
0,660;5,02;-1,117
0,665;4,97;-1,117
0,670;5,24;-1,103
0,675;5,34;-1,075
0,680;5,21;-1,061
0,685;5,32;-1,047
0,690;5,48;-1,047
0,695;5,44;-1,047
0,700;5,42;-1,033
0,705;5,63;-1,033
0,710;5,62;-1,033
0,715;5,38;-1,033
0,720;5,50;-1,019
0,725;5,59;-0,991
0,730;5,45;-0,977
0,735;5,49;-0,963
0,740;5,72;-0,949
0,745;5,75;-0,936
0,750;5,67;-0,908
0,755;5,96;-0,894
0,760;6,15;-0,880
0,765;6,16;-0,852
0,770;6,33;-0,824
0,775;6,66;-0,796
0,780;6,72;-0,782
0,785;6,67;-0,768
0,790;7,01;-0,754
0,795;7,15;-0,740
0,800;7,01;-0,712
0,805;7,13;-0,684
0,810;7,37;-0,670
0,815;7,40;-0,656
0,820;7,21;-0,628
0,825;7,37;-0,586
0,830;7,59;-0,559
0,835;7,31;-0,545
0,840;7,30;-0,517
0,845;7,55;-0,489
0,850;7,47;-0,461
0,855;7,30;-0,433
0,860;7,51;-0,391
0,865;7,55;-0,349
0,870;7,36;-0,321
0,875;7,49;-0,293
0,880;7,68;-0,265
0,885;7,54;-0,237
0,890;7,55;-0,209
0,895;7,79;-0,168
0,900;7,79;-0,126
0,905;7,66;-0,084
0,910;7,87;-0,042
0,915;8,04;-0,014
0,920;7,95;0,014
0,925;8,07;0,042
0,930;8,30;0,084
0,935;8,30;0,126
0,940;8,29;0,168
0,945;8,53;0,209
0,950;8,61;0,237
0,955;8,50;0,265
0,960;8,62;0,293
0,965;8,73;0,335
0,970;8,53;0,377
0,975;8,50;0,419
0,980;8,61;0,461
0,985;8,55;0,503
0,990;8,40;0,545
0,995;8,48;0,586
1,000;8,54;0,642
1,005;8,30;0,698
1,010;8,35;0,740
1,015;8,53;0,754
1,020;8,38;0,768
1,025;8,25;0,810
1,030;8,40;0,866
1,035;8,37;0,908
1,040;8,22;0,936
1,045;8,27;0,977
1,050;8,30;1,019
1,055;8,14;1,047
1,060;8,07;1,075
1,065;8,20;1,117
1,070;8,02;1,159
1,075;7,89;1,187
1,080;7,96;1,215
1,085;7,94;1,257
1,090;7,70;1,299
1,095;7,61;1,326
1,100;7,66;1,354
1,105;7,52;1,382
1,110;7,32;1,410
1,115;7,22;1,438
1,120;7,10;1,466
1,125;6,87;1,494
1,130;6,71;1,522
1,135;6,61;1,536
1,140;6,35;1,550
1,145;6,09;1,564
1,150;5,98;1,578
1,155;5,68;1,606
1,160;5,55;1,620
1,165;5,56;1,620
1,170;5,26;1,620
1,175;5,02;1,620
1,180;4,98;1,634
1,185;4,79;1,648
1,190;4,56;1,648
1,195;4,49;1,662
1,200;4,32;1,676
1,205;4,15;1,676
1,210;3,98;1,662
1,215;3,89;1,634
1,220;3,82;1,634
1,225;3,78;1,662
1,230;3,66;1,676
1,235;3,66;1,676
1,240;3,66;1,648
1,245;3,53;1,634
1,250;3,51;1,634
1,255;3,63;1,620
1,260;3,59;1,620
1,265;3,60;1,606
1,270;3,71;1,592
1,275;3,76;1,578
1,280;3,71;1,578
1,285;3,74;1,592
1,290;3,68;1,592
1,295;3,67;1,578
1,300;3,54;1,550
1,305;3,50;1,522
1,310;3,41;1,508
1,315;3,28;1,508
1,320;3,15;1,522
1,325;3,14;1,522
1,330;3,07;1,508
1,335;3,06;1,480
1,340;2,96;1,452
1,345;2,93;1,438
1,350;2,92;1,424
1,355;2,79;1,410
1,360;2,79;1,382
1,365;2,82;1,354
1,370;2,77;1,340
1,375;2,71;1,340
1,380;2,64;1,326
1,385;2,66;1,299
1,390;2,49;1,271
1,395;2,39;1,257
1,400;2,13;1,243
1,405;2,11;1,215
1,410;2,20;1,187
1,415;2,06;1,159
1,420;1,77;1,145
1,425;1,83;1,117
1,430;1,85;1,089
1,435;1,60;1,075
1,440;1,46;1,061
1,445;1,50;1,033
1,450;1,38;0,991
1,455;1,14;0,949
1,460;1,04;0,908
1,465;0,58;0,866
1,470;0,71;0,824
1,475;0,79;0,796
1,480;0,36;0,768
1,485;0,29;0,740
1,490;0,65;0,698
1,495;0,38;0,642
1,500;-1,25E-16;0,600
1,505;0,26;0,572
1,510;0,41;0,545
1,515;0,07;0,503
1,520;0,10;0,461
1,525;0,49;0,419
1,530;0,27;0,377
1,535;0,01;0,349
1,540;0,34;0,307
1,545;0,55;0,265
1,550;0,25;0,223
1,555;0,33;0,195
1,560;0,81;0,168
1,565;0,77;0,126
1,570;0,64;0,084
1,575;1,04;0,042
1,580;1,22;0,014
1,585;1,09;-0,014
1,590;1,27;-0,042
1,595;1,68;-0,070
1,600;1,57;-0,098
1,605;1,49;-0,126
1,610;1,84;-0,154
1,615;2,02;-0,182
1,620;1,84;-0,209
1,625;1,97;-0,237
1,630;2,21;-0,265
1,635;2,14;-0,293
1,640;2,03;-0,321
1,645;2,32;-0,349
1,650;2,32;-0,363
1,655;2,12;-0,377
1,660;2,23;-0,405
1,665;2,46;-0,433
1,670;2,32;-0,461
1,675;2,25;-0,475
1,680;2,51;-0,489
1,685;2,62;-0,517
1,690;2,42;-0,545
1,695;2,54;-0,572
1,700;2,74;-0,586
1,705;2,69;-0,600
1,710;2,48;-0,614
1,715;2,73;-0,628
1,720;2,72;-0,656
1,725;2,52;-0,684
1,730;2,50;-0,712
1,735;2,70;-0,726
1,740;2,46;-0,740
1,745;2,44;-0,754
1,750;2,62;-0,768
1,755;2,65;-0,796
1,760;2,46;-0,824
1,765;2,61;-0,838
1,770;2,81;-0,838
1,775;2,78;-0,852
1,780;2,68;-0,866
1,785;2,95;-0,880
1,790;2,98;-0,894
1,795;2,86;-0,908
1,800;2,92;-0,922
1,805;3,07;-0,936
1,810;2,85;-0,963
1,815;2,84;-0,991
1,820;2,98;-1,019
1,825;2,98;-1,033
1,830;2,81;-1,033
1,835;3,03;-1,033
1,840;3,15;-1,047
1,845;3,12;-1,061
1,850;3,15;-1,061
1,855;3,40;-1,075
1,860;3,41;-1,103
1,865;3,41;-1,117
1,870;3,55;-1,117
1,875;3,69;-1,131
1,880;3,62;-1,145
1,885;3,67;-1,145
1,890;3,75;-1,145
1,895;3,77;-1,173
1,900;3,71;-1,201
1,905;3,87;-1,215
1,910;3,83;-1,215
1,915;3,78;-1,215
1,920;3,88;-1,215
1,925;4,04;-1,215
1,930;3,95;-1,215
1,935;3,99;-1,215
1,940;4,01;-1,229
1,945;3,96;-1,243
1,950;3,81;-1,257
1,955;3,87;-1,257
1,960;3,83;-1,257
1,965;3,78;-1,271
1,970;3,73;-1,285
1,975;3,78;-1,285
1,980;3,70;-1,271
1,985;3,69;-1,271
1,990;3,76;-1,285
1,995;3,88;-1,299
2,000;3,92;-1,299
2,005;4,07;-1,299
2,010;4,21;-1,299
2,015;4,20;-1,299
2,020;4,18;-1,313
2,025;4,41;-1,326
2,030;4,49;-1,326
2,035;4,52;-1,313
2,040;4,71;-1,299
2,045;4,86;-1,299
2,050;4,89;-1,299
2,055;4,92;-1,285
2,060;5,05;-1,285
2,065;5,14;-1,285
2,070;5,13;-1,299
2,075;5,28;-1,299
2,080;5,31;-1,285
2,085;5,30;-1,257
2,090;5,39;-1,229
2,095;5,48;-1,229
2,100;5,44;-1,229
2,105;5,53;-1,229
2,110;5,61;-1,215
2,115;5,65;-1,201
2,120;5,62;-1,187
2,125;5,69;-1,173
2,130;5,72;-1,173
2,135;5,81;-1,173
2,140;5,79;-1,159
2,145;5,91;-1,145
2,150;5,87;-1,131
2,155;5,88;-1,117
2,160;5,92;-1,103
2,165;5,95;-1,075
2,170;5,90;-1,061
2,175;6,04;-1,047
2,180;6,04;-1,033
2,185;6,00;-1,019
2,190;6,01;-1,005
2,195;6,07;-1,005
2,200;5,99;-0,991
2,205;5,98;-0,963
2,210;6,03;-0,936
2,215;6,07;-0,908
2,220;6,06;-0,894
2,225;6,19;-0,880
2,230;6,30;-0,866
2,235;6,30;-0,852
2,240;6,36;-0,824
2,245;6,54;-0,796
2,250;6,63;-0,768
2,255;6,69;-0,754
2,260;6,78;-0,740
2,265;6,94;-0,712
2,270;6,92;-0,684
2,275;7,00;-0,656
2,280;7,18;-0,628
2,285;7,25;-0,600
2,290;7,19;-0,586
2,295;7,31;-0,572
2,300;7,36;-0,545
2,305;7,30;-0,503
2,310;7,33;-0,475
2,315;7,46;-0,447
2,320;7,44;-0,419
2,325;7,46;-0,391
2,330;7,52;-0,363
2,335;7,58;-0,335
2,340;7,59;-0,293
2,345;7,71;-0,265
2,350;7,73;-0,237
2,355;7,83;-0,209
2,360;7,84;-0,168
2,365;8,04;-0,126
2,370;8,09;-0,084
2,375;8,18;-0,042
2,380;8,31;1,110E-14
2,385;8,48;0,042
2,390;8,48;0,070
2,395;8,57;0,098
2,400;8,68;0,140
2,405;8,81;0,195
2,410;8,77;0,237
2,415;8,88;0,265
2,420;8,90;0,293
2,425;8,90;0,335
2,430;8,88;0,391
2,435;8,95;0,447
2,440;8,88;0,489
2,445;8,85;0,517
2,450;8,83;0,545
2,455;8,91;0,586
2,460;8,77;0,628
2,465;8,76;0,670
2,470;8,71;0,726
2,475;8,68;0,782
2,480;8,55;0,824
2,485;8,61;0,852
2,490;8,56;0,880
2,495;8,50;0,922
2,500;8,37;0,963
2,505;8,42;1,005
2,510;8,28;1,047
2,515;8,08;1,075
2,520;8,07;1,103
2,525;8,07;1,131
2,530;7,76;1,159
2,535;7,69;1,187
2,540;7,64;1,229
2,545;7,48;1,285
2,550;7,25;1,326
2,555;7,26;1,340
2,560;7,18;1,354
2,565;6,98;1,382
2,570;6,89;1,424
2,575;6,92;1,466
2,580;6,71;1,494
2,585;6,60;1,508
2,590;6,56;1,522
2,595;6,43;1,536
2,600;6,28;1,550
2,605;6,27;1,564
2,610;6,12;1,592
2,615;5,96;1,620
2,620;5,90;1,620
2,625;5,89;1,620
2,630;5,73;1,634
2,635;5,66;1,662
2,640;5,63;1,690
2,645;5,52;1,703
2,650;5,26;1,703
2,655;5,26;1,703
2,660;5,13;1,703
2,665;5,00;1,717
2,670;4,77;1,731
2,675;4,76;1,731
2,680;4,45;1,731
2,685;4,37;1,731
2,690;4,30;1,731
2,695;4,06;1,731
2,700;3,89;1,717
2,705;3,88;1,703
2,710;3,75;1,690
2,715;3,65;1,676
2,720;3,50;1,676
2,725;3,45;1,676
2,730;3,29;1,676
2,735;3,17;1,676
2,740;3,10;1,662
2,745;3,04;1,648
2,750;2,83;1,634
2,755;2,77;1,606
2,760;2,68;1,578
2,765;2,57;1,564
2,770;2,35;1,564
2,775;2,34;1,550
2,780;2,11;1,522
2,785;1,97;1,494
2,790;1,93;1,480
2,795;1,98;1,466
2,800;1,79;1,438
2,805;1,68;1,396
2,810;1,67;1,354
2,815;1,59;1,326
2,820;1,39;1,299
2,825;1,36;1,271
2,830;1,22;1,243
2,835;1,13;1,215
2,840;0,98;1,187
2,845;1,00;1,159
2,850;0,90;1,131
2,855;0,77;1,089
2,860;0,75;1,047
2,865;0,73;1,005
2,870;0,63;0,977
2,875;0,61;0,949
2,880;0,67;0,922
2,885;0,71;0,894
2,890;0,68;0,866
2,895;0,77;0,838
2,900;0,77;0,782
2,905;0,74;0,726
2,910;0,71;0,684
2,915;0,78;0,656
2,920;0,64;0,614
2,925;0,66;0,572
2,930;0,74;0,545
2,935;0,71;0,517
2,940;0,62;0,475
2,945;0,72;0,419
2,950;0,74;0,391
2,955;0,74;0,363
2,960;0,67;0,335
2,965;0,81;0,293
2,970;0,75;0,251
2,975;0,74;0,223
2,980;0,78;0,182
2,985;0,84;0,154
2,990;0,78;0,112
2,995;0,85;0,084
3,000;0,95;0,056
3,005;0,97;0,014
3,010;0,93;-0,028
3,015;1,08;-0,070
3,020;1,16;-0,098
3,025;1,20;-0,126
3,030;1,23;-0,154
3,035;1,39;-0,182
3,040;1,39;-0,209
3,045;1,43;-0,237
3,050;1,51;-0,265
3,055;1,60;-0,307
3,060;1,54;-0,349
3,065;1,66;-0,377
3,070;1,67;-0,391
3,075;1,70;-0,419
3,080;1,68;-0,461
3,085;1,83;-0,489
3,090;1,81;-0,503
3,095;1,84;-0,517
3,100;1,89;-0,545
3,105;1,97;-0,586
3,110;1,92;-0,628
3,115;1,96;-0,656
3,120;1,98;-0,670
3,125;1,97;-0,684
3,130;1,91;-0,712
3,135;1,98;-0,754
3,140;1,97;-0,782
3,145;1,93;-0,796
3,150;1,93;-0,824
3,155;2,03;-0,852
3,160;1,99;-0,880
3,165;2,05;-0,894
3,170;2,16;-0,908
3,175;2,27;-0,922
3,180;2,28;-0,936
3,185;2,38;-0,963
3,190;2,47;-0,991
3,195;2,48;-1,019
3,200;2,47;-1,033
3,205;2,59;-1,047
3,210;2,64;-1,061
3,215;2,69;-1,075
3,220;2,78;-1,089
3,225;2,97;-1,103
3,230;2,93;-1,131
3,235;3,04;-1,145
3,240;3,15;-1,159
3,245;3,28;-1,173
3,250;3,25;-1,187
3,255;3,34;-1,201
3,260;3,46;-1,201
3,265;3,50;-1,215
3,270;3,46;-1,229
3,275;3,60;-1,243
3,280;3,63;-1,257
3,285;3,64;-1,271
3,290;3,60;-1,285
3,295;3,70;-1,285
3,300;3,66;-1,285
3,305;3,67;-1,285
3,310;3,73;-1,299
3,315;3,76;-1,313
3,320;3,67;-1,326
3,325;3,78;-1,340
3,330;3,77;-1,340
3,335;3,71;-1,340
3,340;3,68;-1,354
3,345;3,81;-1,368
3,350;3,77;-1,368
3,355;3,86;-1,354
3,360;3,97;-1,354
3,365;4,08;-1,368
3,370;4,10;-1,382
3,375;4,26;-1,382
3,380;4,35;-1,368
3,385;4,45;-1,368
3,390;4,53;-1,382
3,395;4,66;-1,396
3,400;4,74;-1,396
3,405;4,74;-1,382
3,410;4,80;-1,382
3,415;4,90;-1,382
3,420;4,80;-1,368
3,425;4,76;-1,368
3,430;4,84;-1,368
3,435;4,84;-1,382
3,440;4,74;-1,382
3,445;4,85;-1,368
3,450;4,82;-1,354
3,455;4,76;-1,340
3,460;4,81;-1,340
3,465;4,85;-1,340
3,470;4,78;-1,340
3,475;4,81;-1,326
3,480;4,96;-1,313
3,485;5,09;-1,299
3,490;5,12;-1,299
3,495;5,23;-1,299
3,500;5,41;-1,285
3,505;5,51;-1,271
3,510;5,65;-1,257
3,515;5,83;-1,257
3,520;5,88;-1,257
3,525;6,04;-1,243
3,530;6,12;-1,215
3,535;6,21;-1,187
3,540;6,17;-1,173
3,545;6,20;-1,173
3,550;6,23;-1,173
3,555;6,26;-1,159
3,560;6,17;-1,131
3,565;6,14;-1,117
3,570;6,09;-1,103
3,575;6,05;-1,089
3,580;6,02;-1,061
3,585;6,09;-1,033
3,590;6,11;-1,019
3,595;6,11;-1,005
3,600;6,17;-0,991
3,605;6,30;-0,977
3,610;6,32;-0,949
3,615;6,47;-0,922
3,620;6,64;-0,894
3,625;6,83;-0,866
3,630;6,91;-0,838
3,635;7,13;-0,796
3,640;7,30;-0,768
3,645;7,45;-0,740
3,650;7,59;-0,712
3,655;7,76;-0,684
3,660;7,95;-0,670
3,665;7,98;-0,656
3,670;7,95;-0,628
3,675;8,08;-0,586
3,680;8,17;-0,545
3,685;8,11;-0,517
3,690;8,00;-0,489
3,695;8,23;-0,447
3,700;8,42;-0,391
3,705;8,37;-0,349
3,710;8,39;-0,321
3,715;8,64;-0,293
3,720;8,71;-0,251
3,725;8,69;-0,195
3,730;8,80;-0,140
3,735;9,02;-0,098
3,740;8,95;-0,070
3,745;8,92;-0,042
3,750;9,08;0,000
3,755;9,00;0,042
3,760;8,69;0,084
3,765;8,73;0,126
3,770;8,74;0,154
3,775;8,42;0,182
3,780;8,22;0,209
3,785;8,28;0,251
3,790;8,04;0,293
3,795;7,86;0,335
3,800;7,91;0,391
3,805;7,91;0,433
3,810;7,78;0,475
3,815;7,84;0,503
3,820;7,91;0,545
3,825;7,89;0,586
3,830;7,90;0,614
3,835;8,09;0,656
3,840;8,08;0,698
3,845;8,09;0,754
3,850;8,10;0,782
3,855;8,19;0,796
3,860;8,12;0,824
3,865;8,09;0,866
3,870;8,09;0,908
3,875;8,06;0,936
3,880;7,93;0,963
3,885;7,94;0,991
3,890;7,92;1,019
3,895;7,83;1,061
3,900;7,71;1,103
3,905;7,76;1,131
3,910;7,68;1,159
3,915;7,50;1,187
3,920;7,52;1,229
3,925;7,52;1,257
3,930;7,31;1,285
3,935;7,24;1,326
3,940;7,21;1,354
3,945;7,15;1,382
3,950;6,94;1,396
3,955;6,93;1,410
3,960;6,85;1,438
3,965;6,66;1,466
3,970;6,58;1,508
3,975;6,54;1,550
3,980;6,43;1,578
3,985;6,35;1,592
3,990;6,27;1,592
3,995;6,20;1,592
4,000;6,13;1,592
4,005;5,97;1,606
4,010;5,79;1,620
4,015;5,71;1,634
4,020;5,65;1,648
4,025;5,56;1,662
4,030;5,44;1,690
4,035;5,35;1,717
4,040;5,26;1,731
4,045;5,18;1,731
4,050;5,00;1,717
4,055;4,89;1,717
4,060;4,83;1,731
4,065;4,67;1,745
4,070;4,52;1,759
4,075;4,55;1,759
4,080;4,46;1,759
4,085;4,21;1,745
4,090;4,14;1,731
4,095;4,07;1,717
4,100;3,78;1,717
4,105;3,64;1,717
4,110;3,57;1,703
4,115;3,32;1,690
4,120;3,16;1,690
4,125;3,16;1,703
4,130;3,08;1,690
4,135;2,96;1,662
4,140;2,84;1,634
4,145;2,77;1,620
4,150;2,55;1,620
4,155;2,48;1,606
4,160;2,42;1,592
4,165;2,38;1,564
4,170;2,25;1,536
4,175;2,19;1,522
4,180;2,15;1,494
4,185;2,11;1,466
4,190;1,93;1,438
4,195;1,92;1,410
4,200;1,84;1,382
4,205;1,70;1,354
4,210;1,58;1,340
4,215;1,52;1,326
4,220;1,37;1,299
4,225;1,36;1,271
4,230;1,36;1,243
4,235;1,28;1,201
4,240;1,14;1,159
4,245;1,06;1,117
4,250;1,05;1,089
4,255;0,93;1,061
4,260;0,89;1,033
4,265;0,85;1,005
4,270;0,75;0,977
4,275;0,66;0,949
4,280;0,61;0,908
4,285;0,58;0,852
4,290;0,45;0,796
4,295;0,43;0,768
4,300;0,43;0,740
4,305;0,40;0,712
4,310;0,27;0,670
4,315;0,36;0,628
4,320;0,35;0,586
4,325;0,27;0,545
4,330;0,28;0,503
4,335;0,31;0,461
4,340;0,32;0,419
4,345;0,34;0,377
4,350;0,44;0,349
4,355;0,55;0,321
4,360;0,56;0,293
4,365;0,66;0,251
4,370;0,74;0,209
4,375;0,79;0,168
4,380;0,86;0,126
4,385;1,00;0,098
4,390;1,09;0,070
4,395;1,13;0,028
4,400;1,20;-0,014
4,405;1,32;-0,042
4,410;1,34;-0,056
4,415;1,39;-0,084
4,420;1,48;-0,126
4,425;1,52;-0,168
4,430;1,47;-0,209
4,435;1,55;-0,237
4,440;1,59;-0,251
4,445;1,59;-0,265
4,450;1,59;-0,293
4,455;1,68;-0,335
4,460;1,72;-0,377
4,465;1,75;-0,405
4,470;1,82;-0,419
4,475;1,88;-0,433
4,480;1,84;-0,461
4,485;1,92;-0,489
4,490;2,00;-0,517
4,495;1,99;-0,545
4,500;1,99;-0,586
4,505;2,13;-0,614
4,510;2,17;-0,628
4,515;2,17;-0,642
4,520;2,25;-0,670
4,525;2,36;-0,698
4,530;2,36;-0,712
4,535;2,44;-0,740
4,540;2,50;-0,782
4,545;2,50;-0,810
4,550;2,49;-0,824
4,555;2,53;-0,838
4,560;2,57;-0,852
4,565;2,53;-0,866
4,570;2,56;-0,866
4,575;2,69;-0,880
4,580;2,70;-0,894
4,585;2,72;-0,922
4,590;2,77;-0,949
4,595;2,83;-0,963
4,600;2,75;-0,991
4,605;2,81;-1,019
4,610;2,86;-1,033
4,615;2,74;-1,033
4,620;2,67;-1,047
4,625;2,71;-1,075
4,630;2,70;-1,089
4,635;2,62;-1,089
4,640;2,69;-1,089
4,645;2,82;-1,103
4,650;2,90;-1,131
4,655;2,92;-1,145
4,660;3,05;-1,145
4,665;3,24;-1,159
4,670;3,34;-1,187
4,675;3,49;-1,201
4,680;3,67;-1,201
4,685;3,72;-1,215
4,690;3,76;-1,243
4,695;3,89;-1,257
4,700;3,93;-1,243
4,705;4,06;-1,229
4,710;4,23;-1,229
4,715;4,35;-1,243
4,720;4,34;-1,257
4,725;4,44;-1,257
4,730;4,47;-1,271
4,735;4,41;-1,285
4,740;4,41;-1,285
4,745;4,45;-1,285
4,750;4,44;-1,285
4,755;4,32;-1,285
4,760;4,32;-1,285
4,765;4,39;-1,285
4,770;4,36;-1,285
4,775;4,33;-1,285
4,780;4,41;-1,285
4,785;4,50;-1,285
4,790;4,47;-1,271
4,795;4,48;-1,271
4,800;4,53;-1,285
4,805;4,54;-1,299
4,810;4,56;-1,299
4,815;4,61;-1,285
4,820;4,53;-1,285
4,825;4,56;-1,285
4,830;4,69;-1,285
4,835;4,70;-1,271
4,840;4,63;-1,257
4,845;4,66;-1,257
4,850;4,71;-1,257
4,855;4,63;-1,257
4,860;4,77;-1,257
4,865;4,90;-1,243
4,870;4,97;-1,229
4,875;5,03;-1,215
4,880;5,22;-1,215
4,885;5,33;-1,215
4,890;5,38;-1,201
4,895;5,45;-1,187
4,900;5,59;-1,173
4,905;5,61;-1,173
4,910;5,60;-1,173
4,915;5,64;-1,173
4,920;5,65;-1,173
4,925;5,67;-1,173
4,930;5,70;-1,159
4,935;5,73;-1,145
4,940;5,73;-1,131
4,945;5,71;-1,117
4,950;5,75;-1,089
4,955;5,79;-1,061
4,960;5,74;-1,047
4,965;5,86;-1,033
4,970;5,88;-1,019
4,975;5,84;-1,005
4,980;5,97;-1,005
4,985;6,04;-1,005
4,990;5,99;-0,991
4,995;6,15;-0,949
5,000;6,28;-0,908
5,005;6,25;-0,894
5,010;6,26;-0,894
5,015;6,32;-0,880
5,020;6,36;-0,852
5,025;6,34;-0,824
5,030;6,45;-0,810
5,035;6,55;-0,796
5,040;6,55;-0,768
5,045;6,63;-0,740
5,050;6,74;-0,712
5,055;6,78;-0,698
5,060;6,80;-0,670
5,065;7,01;-0,628
5,070;7,15;-0,600
5,075;7,15;-0,586
5,080;7,20;-0,572
5,085;7,35;-0,545
5,090;7,35;-0,517
5,095;7,35;-0,503
5,100;7,51;-0,489
5,105;7,51;-0,447
5,110;7,44;-0,405
5,115;7,58;-0,377
5,120;7,69;-0,349
5,125;7,62;-0,307
5,130;7,68;-0,265
5,135;7,84;-0,251
5,140;7,83;-0,223
5,145;7,85;-0,182
5,150;8,01;-0,140
5,155;8,03;-0,098
5,160;8,01;-0,070
5,165;8,22;-0,028
5,170;8,36;0,014
5,175;8,33;0,056
5,180;8,37;0,098
5,185;8,61;0,126
5,190;8,69;0,168
5,195;8,68;0,223
5,200;8,85;0,279
5,205;8,99;0,321
5,210;9,00;0,349
5,215;9,04;0,377
5,220;9,14;0,419
5,225;9,08;0,461
5,230;9,04;0,503
5,235;9,06;0,545
5,240;8,96;0,586
5,245;8,75;0,628
5,250;8,67;0,656
5,255;8,55;0,684
5,260;8,32;0,726
5,265;8,18;0,768
5,270;8,07;0,810
5,275;7,96;0,838
5,280;7,83;0,880
5,285;7,80;0,922
5,290;7,80;0,963
5,295;7,67;1,005
5,300;7,66;1,033
5,305;7,77;1,075
5,310;7,68;1,103
5,315;7,57;1,145
5,320;7,59;1,173
5,325;7,59;1,201
5,330;7,44;1,243
5,335;7,37;1,271
5,340;7,29;1,299
5,345;7,08;1,313
5,350;6,90;1,326
5,355;6,87;1,340
5,360;6,79;1,368
5,365;6,50;1,410
5,370;6,39;1,438
5,375;6,32;1,452
5,380;6,11;1,466
5,385;5,86;1,494
5,390;5,88;1,508
5,395;5,75;1,508
5,400;5,57;1,508
5,405;5,50;1,522
5,410;5,46;1,536
5,415;5,32;1,550
5,420;5,23;1,564
5,425;5,23;1,578
5,430;5,17;1,606
5,435;5,00;1,620
5,440;4,95;1,620
5,445;4,98;1,606
5,450;4,84;1,592
5,455;4,66;1,606
5,460;4,73;1,620
5,465;4,67;1,634
5,470;4,49;1,648
5,475;4,55;1,662
5,480;4,59;1,662
5,485;4,47;1,648
5,490;4,45;1,648
5,495;4,58;1,648
5,500;4,48;1,648
5,505;4,42;1,648
5,510;4,55;1,648
5,515;4,65;1,648
5,520;4,50;1,648
5,525;4,48;1,662
5,530;4,49;1,676
5,535;4,39;1,662
5,540;4,24;1,648
5,545;4,12;1,634
5,550;3,96;1,634
5,555;3,73;1,634
5,560;3,54;1,620
5,565;3,47;1,606
5,570;3,19;1,592
5,575;2,93;1,578
5,580;2,88;1,564
5,585;2,75;1,550
5,590;2,53;1,522
5,595;2,45;1,494
5,600;2,28;1,466
5,605;2,20;1,452
5,610;2,09;1,438
5,615;2,05;1,424
5,620;2,01;1,410
5,625;1,83;1,396
5,630;1,73;1,368
5,635;1,52;1,326
5,640;1,11;1,271
5,645;0,82;1,215
5,650;1,20;1,201
5,655;1,01;1,201
5,660;0,64;1,187
5,665;0,77;1,145
5,670;0,94;1,103
5,675;0,60;1,075
5,680;0,43;1,047
5,685;0,64;1,005
5,690;0,59;0,963
5,695;0,41;0,922
5,700;0,59;0,880
5,705;0,66;0,838
5,710;0,35;0,796
5,715;0,20;0,754
5,720;0,44;0,712
5,725;0,33;0,684
5,730;0,06;0,656
5,735;0,14;0,614
5,740;0,27;0,559
5,745;0,04;0,517
5,750;-1,25E-16;0,489
5,755;0,18;0,447
5,760;0,18;0,391
5,765;0,01;0,349
5,770;0,19;0,321
5,775;0,35;0,293
5,780;0,25;0,251
5,785;0,25;0,209
5,790;0,55;0,168
5,795;0,62;0,126
5,800;0,62;0,084
5,805;0,82;0,056
5,810;1,02;0,028
5,815;1,02;0,000
5,820;1,17;-0,028
5,825;1,48;-0,070
5,830;1,60;-0,098
5,835;1,59;-0,140
5,840;1,90;-0,168
5,845;2,08;-0,195
5,850;2,10;-0,223
5,855;2,20;-0,237
5,860;2,43;-0,265
5,865;2,51;-0,279
5,870;2,52;-0,307
5,875;2,57;-0,335
5,880;2,65;-0,363
5,885;2,61;-0,391
5,890;2,66;-0,405
5,895;2,69;-0,419
5,900;2,69;-0,433
5,905;2,66;-0,461
5,910;2,65;-0,489
5,915;2,59;-0,503
5,920;2,59;-0,517
5,925;2,53;-0,545
5,930;2,50;-0,572
5,935;2,45;-0,586
5,940;2,41;-0,586
5,945;2,33;-0,600
5,950;2,32;-0,628
5,955;2,27;-0,670
5,960;2,22;-0,698
5,965;2,14;-0,712
5,970;2,15;-0,726
5,975;2,10;-0,754
5,980;2,07;-0,796
5,985;2,08;-0,824
5,990;2,14;-0,838
5,995;2,14;-0,838
6,000;2,23;-0,852
6,005;2,33;-0,880
6,010;2,44;-0,908
6,015;2,43;-0,922
6,020;2,53;-0,936
6,025;2,66;-0,949
6,030;2,67;-0,963
6,035;2,63;-0,977
6,040;2,79;-1,005
6,045;2,77;-1,047
6,050;2,69;-1,075
6,055;2,68;-1,089
6,060;2,77;-1,103
6,065;2,67;-1,117
6,070;2,65;-1,117
6,075;2,79;-1,117
6,080;2,85;-1,131
6,085;2,80;-1,159
6,090;3,01;-1,173
6,095;3,11;-1,187
6,100;3,10;-1,215
6,105;3,15;-1,229
6,110;3,35;-1,229
6,115;3,42;-1,229
6,120;3,43;-1,243
6,125;3,55;-1,257
6,130;3,68;-1,271
6,135;3,69;-1,299
6,140;3,82;-1,313
6,145;3,87;-1,313
6,150;3,98;-1,299
6,155;4,05;-1,299
6,160;4,14;-1,299
6,165;4,14;-1,299
6,170;4,27;-1,313
6,175;4,29;-1,326
6,180;4,38;-1,340
6,185;4,39;-1,340
6,190;4,45;-1,326
6,195;4,47;-1,313
6,200;4,56;-1,313
6,205;4,54;-1,326
6,210;4,64;-1,326
6,215;4,71;-1,313
6,220;4,72;-1,313
6,225;4,70;-1,313
6,230;4,87;-1,313
6,235;4,87;-1,299
6,240;4,89;-1,299
6,245;5,06;-1,313
6,250;5,12;-1,313
6,255;5,12;-1,299
6,260;5,17;-1,271
6,265;5,23;-1,257
6,270;5,41;-1,257
6,275;5,47;-1,257
6,280;5,55;-1,243
6,285;5,70;-1,229
6,290;5,76;-1,229
6,295;5,74;-1,229
6,300;5,81;-1,215
6,305;5,88;-1,187
6,310;5,95;-1,159
6,315;6,02;-1,145
6,320;6,16;-1,131
6,325;6,12;-1,117
6,330;6,16;-1,103
6,335;6,14;-1,089
6,340;6,19;-1,089
6,345;6,07;-1,075
6,350;6,13;-1,061
6,355;6,09;-1,047
6,360;6,05;-1,033
6,365;5,92;-1,019
6,370;5,90;-1,005
6,375;5,84;-0,991
6,380;5,80;-0,977
6,385;5,76;-0,963
6,390;5,82;-0,949
6,395;5,80;-0,936
6,400;5,74;-0,922
6,405;5,80;-0,908
6,410;5,85;-0,880
6,415;5,87;-0,852
6,420;6,03;-0,838
6,425;6,03;-0,824
6,430;6,06;-0,810
6,435;6,11;-0,796
6,440;6,20;-0,782
6,445;6,10;-0,768
6,450;6,18;-0,754
6,455;6,21;-0,740
6,460;6,19;-0,712
6,465;6,17;-0,684
6,470;6,26;-0,670
6,475;6,23;-0,670
6,480;6,26;-0,656
6,485;6,30;-0,628
6,490;6,44;-0,600
6,495;6,45;-0,572
6,500;6,60;-0,545
6,505;6,70;-0,517
6,510;6,80;-0,489
6,515;6,81;-0,475
6,520;7,02;-0,447
6,525;7,16;-0,419
6,530;7,32;-0,391
6,535;7,39;-0,363
6,540;7,58;-0,335
6,545;7,65;-0,293
6,550;7,81;-0,265
6,555;7,89;-0,237
6,560;8,07;-0,209
6,565;8,07;-0,182
6,570;8,20;-0,154
6,575;8,32;-0,112
6,580;8,34;-0,070
6,585;8,35;-0,028
6,590;8,48;-1,110E-14
6,595;8,46;0,028
6,600;8,47;0,070
6,605;8,56;0,112
6,610;8,57;0,168
6,615;8,47;0,195
6,620;8,51;0,223
6,625;8,47;0,265
6,630;8,46;0,307
6,635;8,38;0,335
6,640;8,41;0,363
6,645;8,33;0,405
6,650;8,27;0,447
6,655;8,18;0,489
6,660;8,24;0,531
6,665;8,20;0,572
6,670;8,15;0,600
6,675;8,12;0,628
6,680;8,10;0,670
6,685;7,96;0,712
6,690;7,90;0,740
6,695;7,82;0,768
6,700;7,72;0,796
6,705;7,55;0,824
6,710;7,50;0,852
6,715;7,34;0,880
6,720;7,18;0,922
6,725;7,08;0,963
6,730;7,05;0,991
6,735;6,96;1,019
6,740;6,92;1,047
6,745;6,93;1,075
6,750;6,93;1,089
6,755;6,88;1,103
6,760;6,94;1,131
6,765;6,89;1,173
6,770;6,83;1,215
6,775;6,81;1,243
6,780;6,85;1,257
6,785;6,66;1,257
6,790;6,56;1,271
6,795;6,55;1,299
6,800;6,43;1,326
6,805;6,26;1,340
6,810;6,27;1,354
6,815;6,17;1,382
6,820;6,17;1,410
6,825;6,15;1,424
6,830;6,17;1,424
6,835;6,04;1,438
6,840;6,03;1,466
6,845;5,89;1,494
6,850;5,81;1,508
6,855;5,73;1,508
6,860;5,68;1,508
6,865;5,57;1,522
6,870;5,47;1,536
6,875;5,35;1,564
6,880;5,27;1,578
6,885;5,12;1,578
6,890;5,16;1,578
6,895;5,06;1,578
6,900;5,06;1,606
6,905;4,97;1,620
6,910;4,87;1,620
6,915;4,69;1,592
6,920;4,66;1,564
6,925;4,57;1,564
6,930;4,54;1,592
6,935;4,41;1,620
6,940;4,31;1,620
6,945;4,14;1,606
6,950;4,08;1,592
6,955;3,90;1,592
6,960;3,80;1,592
6,965;3,63;1,592
6,970;3,54;1,592
6,975;3,44;1,578
6,980;3,34;1,564
6,985;3,15;1,550
6,990;3,09;1,536
6,995;3,02;1,522
7,000;3,00;1,508
7,005;2,86;1,494
7,010;2,71;1,480
7,015;2,59;1,466
7,020;2,53;1,438
7,025;2,41;1,410
7,030;2,36;1,396
7,035;2,27;1,396
7,040;2,21;1,382
7,045;2,05;1,354
7,050;1,99;1,326
7,055;1,86;1,299
7,060;1,80;1,257
7,065;1,70;1,229
7,070;1,68;1,215
7,075;1,57;1,201
7,080;1,50;1,187
7,085;1,39;1,159
7,090;1,36;1,117
7,095;1,23;1,061
7,100;1,14;1,019
7,105;1,12;1,005
7,110;1,15;0,991
7,115;0,98;0,949
7,120;0,94;0,894
7,125;0,84;0,852
7,130;0,76;0,824
7,135;0,70;0,796
7,140;0,70;0,754
7,145;0,60;0,712
7,150;0,51;0,684
7,155;0,43;0,656
7,160;0,43;0,614
7,165;0,32;0,559
7,170;0,32;0,517
7,175;0,30;0,489
7,180;0,28;0,461
7,185;0,23;0,419
7,190;0,29;0,377
7,195;0,30;0,349
7,200;0,37;0,321
7,205;0,42;0,293
7,210;0,55;0,251
7,215;0,61;0,195
7,220;0,70;0,154
7,225;0,82;0,126
7,230;0,95;0,098
7,235;1,02;0,056
7,240;1,18;0,014
7,245;1,26;-0,014
7,250;1,43;-0,042
7,255;1,50;-0,070
7,260;1,62;-0,098
7,265;1,72;-0,126
7,270;1,84;-0,154
7,275;1,95;-0,182
7,280;2,03;-0,195
7,285;2,08;-0,223
7,290;2,18;-0,251
7,295;2,22;-0,279
7,300;2,30;-0,321
7,305;2,31;-0,349
7,310;2,41;-0,363
7,315;2,38;-0,363
7,320;2,44;-0,377
7,325;2,41;-0,419
7,330;2,48;-0,447
7,335;2,45;-0,461
7,340;2,39;-0,475
7,345;2,38;-0,503
7,350;2,38;-0,531
7,355;2,28;-0,545
7,360;2,29;-0,572
7,365;2,23;-0,600
7,370;2,18;-0,628
7,375;2,15;-0,642
7,380;2,16;-0,656
7,385;2,08;-0,684
7,390;2,01;-0,712
7,395;2,01;-0,740
7,400;2,02;-0,768
7,405;1,94;-0,796
7,410;1,96;-0,824
7,415;1,98;-0,838
7,420;2,01;-0,852
7,425;1,94;-0,880
7,430;2,10;-0,908
7,435;2,10;-0,936
7,440;2,10;-0,963
7,445;2,05;-0,991
7,450;2,20;-1,005
7,455;2,19;-1,019
7,460;2,14;-1,033
7,465;2,23;-1,047
7,470;2,32;-1,075
7,475;2,20;-1,103
7,480;2,23;-1,131
7,485;2,27;-1,159
7,490;2,25;-1,187
7,495;2,16;-1,215
7,500;2,35;-1,215
7,505;2,38;-1,215
7,510;2,43;-1,229
7,515;2,55;-1,243
7,520;2,77;-1,271
7,525;2,81;-1,299
7,530;2,91;-1,326
7,535;2,97;-1,340
7,540;3,09;-1,340
7,545;3,11;-1,354
7,550;3,23;-1,382
7,555;3,27;-1,410
7,560;3,32;-1,424
7,565;3,37;-1,424
7,570;3,45;-1,438
7,575;3,44;-1,452
7,580;3,60;-1,452
7,585;3,68;-1,452
7,590;3,74;-1,452
7,595;3,75;-1,466
7,600;3,88;-1,480
7,605;3,85;-1,494
7,610;3,89;-1,508
7,615;4,01;-1,508
7,620;4,05;-1,508
7,625;4,07;-1,508
7,630;4,20;-1,508
7,635;4,33;-1,508
7,640;4,49;-1,508
7,645;4,49;-1,508
7,650;4,81;-1,494
7,655;4,89;-1,480
7,660;4,92;-1,494
7,665;5,11;-1,508
7,670;5,28;-1,508
7,675;5,24;-1,494
7,680;5,33;-1,480
7,685;5,48;-1,466
7,690;5,53;-1,438
7,695;5,48;-1,438
7,700;5,72;-1,452
7,705;5,82;-1,438
7,710;5,77;-1,410
7,715;5,96;-1,382
7,720;6,23;-1,368
7,725;6,23;-1,354
7,730;6,22;-1,340
7,735;6,50;-1,326
7,740;6,70;-1,299
7,745;6,55;-1,271
7,750;6,64;-1,257
7,755;6,82;-1,257
7,760;6,79;-1,257
7,765;6,58;-1,243
7,770;6,66;-1,229
7,775;6,59;-1,215
7,780;6,49;-1,201
7,785;6,38;-1,173
7,790;6,35;-1,145
7,795;6,14;-1,117
7,800;6,18;-1,089
7,805;6,18;-1,075
7,810;6,07;-1,061
7,815;6,03;-1,047
7,820;6,15;-1,019
7,825;6,06;-1,005
7,830;5,97;-0,991
7,835;6,07;-0,977
7,840;6,22;-0,949
7,845;6,19;-0,922
7,850;6,23;-0,908
7,855;6,36;-0,894
7,860;6,36;-0,880
7,865;6,34;-0,852
7,870;6,48;-0,824
7,875;6,58;-0,796
7,880;6,67;-0,768
7,885;6,76;-0,740
7,890;7,06;-0,712
7,895;7,06;-0,684
7,900;7,09;-0,670
7,905;7,35;-0,656
7,910;7,56;-0,614
7,915;7,50;-0,572
7,920;7,73;-0,545
7,925;7,90;-0,517
7,930;7,98;-0,489
7,935;8,00;-0,447
7,940;8,24;-0,419
7,945;8,24;-0,391
7,950;8,30;-0,349
7,955;8,47;-0,307
7,960;8,61;-0,265
7,965;8,57;-0,237
7,970;8,67;-0,195
7,975;8,80;-0,140
7,980;8,92;-0,098
7,985;8,89;-0,070
7,990;9,06;-0,028
7,995;9,06;0,028
8,000;9,00;0,070
8,005;8,97;0,098
8,010;9,02;0,126
8,015;8,86;0,168
8,020;8,84;0,209
8,025;8,80;0,251
8,030;8,82;0,307
8,035;8,69;0,363
8,040;8,68;0,405
8,045;8,69;0,433
8,050;8,64;0,461
8,055;8,53;0,503
8,060;8,59;0,559
8,065;8,49;0,600
8,070;8,41;0,642
8,075;8,30;0,670
8,080;8,30;0,712
8,085;8,13;0,754
8,090;8,02;0,782
8,095;8,06;0,824
8,100;7,97;0,866
8,105;7,78;0,908
8,110;7,83;0,936
8,115;7,79;0,963
8,120;7,68;0,991
8,125;7,71;1,019
8,130;7,81;1,061
8,135;7,64;1,103
8,140;7,66;1,131
8,145;7,74;1,173
8,150;7,59;1,215
8,155;7,47;1,257
8,160;7,52;1,271
8,165;7,32;1,271
8,170;7,17;1,285
8,175;7,05;1,313
8,180;7,04;1,368
8,185;6,80;1,410
8,190;6,63;1,424
8,195;6,63;1,438
8,200;6,66;1,466
8,205;6,40;1,494
8,210;6,40;1,508
8,215;6,37;1,508
8,220;6,17;1,522
8,225;5,98;1,536
8,230;6,04;1,550
8,235;5,89;1,564
8,240;5,70;1,578
8,245;5,62;1,606
8,250;5,57;1,634
8,255;5,31;1,662
8,260;5,21;1,662
8,265;5,19;1,648
8,270;5,06;1,634
8,275;4,82;1,634
8,280;4,86;1,662
8,285;4,77;1,690
8,290;4,65;1,703
8,295;4,60;1,703
8,300;4,66;1,703
8,305;4,40;1,703
8,310;4,42;1,690
8,315;4,36;1,676
8,320;4,26;1,662
8,325;3,98;1,648
8,330;3,99;1,648
8,335;3,88;1,662
8,340;3,66;1,676
8,345;3,57;1,662
8,350;3,61;1,648
8,355;3,39;1,634
8,360;3,22;1,620
8,365;3,20;1,606
8,370;3,11;1,592
8,375;2,88;1,592
8,380;2,80;1,578
8,385;2,73;1,550
8,390;2,64;1,522
8,395;2,41;1,508
8,400;2,39;1,494
8,405;2,27;1,480
8,410;2,06;1,452
8,415;1,99;1,424
8,420;2,02;1,396
8,425;1,87;1,368
8,430;1,81;1,354
8,435;1,75;1,326
8,440;1,70;1,299
8,445;1,54;1,271
8,450;1,50;1,257
8,455;1,44;1,243
8,460;1,37;1,201
8,465;1,21;1,159
8,470;1,28;1,117
8,475;1,16;1,089
8,480;1,06;1,061
8,485;0,98;1,033
8,490;0,97;1,019
8,495;0,90;0,991
8,500;0,83;0,963
8,505;0,80;0,922
8,510;0,79;0,880
8,515;0,72;0,838
8,520;0,76;0,796
8,525;0,72;0,754
8,530;0,75;0,712
8,535;0,75;0,684
8,540;0,80;0,656
8,545;0,81;0,628
8,550;0,86;0,586
8,555;0,88;0,545
8,560;0,98;0,517
8,565;0,97;0,489
8,570;1,07;0,461
8,575;1,07;0,419
8,580;1,12;0,377
8,585;1,12;0,335
8,590;1,16;0,293
8,595;1,21;0,265
8,600;1,29;0,251
8,605;1,28;0,237
8,610;1,39;0,195
8,615;1,37;0,140
8,620;1,44;0,098
8,625;1,46;0,084
8,630;1,52;0,070
8,635;1,53;0,042
8,640;1,56;0,014
8,645;1,57;-0,014
8,650;1,60;-0,042
8,655;1,56;-0,084
8,660;1,59;-0,126
8,665;1,55;-0,154
8,670;1,51;-0,182
8,675;1,49;-0,209
8,680;1,48;-0,237
8,685;1,40;-0,265
8,690;1,36;-0,293
8,695;1,31;-0,321
8,700;1,35;-0,349
8,705;1,28;-0,377
8,710;1,29;-0,405
8,715;1,27;-0,433
8,720;1,31;-0,461
8,725;1,25;-0,503
8,730;1,30;-0,545
8,735;1,31;-0,586
8,740;1,33;-0,614
8,745;1,31;-0,628
8,750;1,42;-0,656
8,755;1,43;-0,698
8,760;1,42;-0,740
8,765;1,47;-0,754
8,770;1,55;-0,768
8,775;1,53;-0,810
8,780;1,54;-0,852
8,785;1,56;-0,880
8,790;1,62;-0,908
8,795;1,58;-0,949
8,800;1,60;-0,991
8,805;1,62;-1,005
8,810;1,70;-1,005
8,815;1,68;-1,019
8,820;1,84;-1,047
8,825;1,84;-1,075
8,830;1,87;-1,103
8,835;1,88;-1,131
8,840;2,02;-1,173
8,845;2,01;-1,215
8,850;2,06;-1,229
8,855;2,11;-1,229
8,860;2,23;-1,243
8,865;2,26;-1,271
8,870;2,34;-1,299
8,875;2,42;-1,313
8,880;2,58;-1,326
8,885;2,60;-1,354
8,890;2,69;-1,368
8,895;2,74;-1,382
8,900;2,85;-1,396
8,905;;-1,424
8,910;;-1,466
8,915;;-1,508
